,Class,Count,Monetary
0,3,69418,0.17504985748513016
1,4,185371,0.5396765477748463
2,5,92329,0.28527359474002345
